{
  "reward": 0,
  "correct": false,
  "speedup_vs_compile": 1.5238993456808698,
  "speedup_vs_eager": 5.040688601119023,
  "max_err": 13.957242965698242,
  "static_ok": true,
  "compile_ok": true,
  "suspicious": false,
  "error": null
}