{
  "timestamp": "20260629-204130",
  "model": "openai/gpt-5.5",
  "task": "moe_topk",
  "samples": 2,
  "n_pass": 1,
  "pass_at_1": 0.5,
  "records": [
    {
      "sample": 0,
      "static_ok": true,
      "correct": true,
      "max_err": 0.0029702186584472656,
      "speedup_vs_compile": 3.136645915575755,
      "speedup_vs_eager": 2.5279503419971157,
      "pass": true,
      "error": null
    },
    {
      "sample": 1,
      "static_ok": true,
      "correct": true,
      "max_err": 0.0016720294952392578,
      "speedup_vs_compile": 0.7721893450364021,
      "speedup_vs_eager": 0.7100591272708736,
      "pass": false,
      "error": null
    }
  ]
}