{
  "timestamp": "20260630-014214",
  "model": "openai/gpt-5.5",
  "task": "fused_quant_mlp",
  "samples": 2,
  "n_pass": 2,
  "pass_at_1": 1.0,
  "records": [
    {
      "sample": 0,
      "static_ok": true,
      "correct": true,
      "max_err": 0.024261474609375,
      "speedup_vs_compile": 4.900658730959807,
      "speedup_vs_eager": 6.672971960953352,
      "pass": true,
      "error": null
    },
    {
      "sample": 1,
      "static_ok": true,
      "correct": true,
      "max_err": 0.025791168212890625,
      "speedup_vs_compile": 5.10971523843694,
      "speedup_vs_eager": 6.951643474762384,
      "pass": true,
      "error": null
    }
  ]
}