{
  "timestamp": "20260629-223624",
  "model": "openai/gpt-5.5",
  "task": "mla_attention",
  "samples": 2,
  "n_pass": 2,
  "pass_at_1": 1.0,
  "records": [
    {
      "sample": 0,
      "static_ok": true,
      "correct": true,
      "max_err": 0.000596165657043457,
      "speedup_vs_compile": 1.8555956261462916,
      "speedup_vs_eager": 3.350180422726287,
      "pass": true,
      "error": null
    },
    {
      "sample": 1,
      "static_ok": true,
      "correct": true,
      "max_err": 0.000686943531036377,
      "speedup_vs_compile": 1.543640903728375,
      "speedup_vs_eager": 2.381546139188163,
      "pass": true,
      "error": null
    }
  ]
}