{
  "timestamp": "20260629-211547",
  "model": "google/gemini-3.5-flash",
  "task": "ssm_scan",
  "samples": 2,
  "n_pass": 2,
  "pass_at_1": 1.0,
  "records": [
    {
      "sample": 0,
      "static_ok": true,
      "correct": true,
      "max_err": 0.03118896484375,
      "speedup_vs_compile": 4.438080598906748,
      "speedup_vs_eager": 141.84025424241952,
      "pass": true,
      "error": null
    },
    {
      "sample": 1,
      "static_ok": true,
      "correct": true,
      "max_err": 0.0268096923828125,
      "speedup_vs_compile": 154.83925038196347,
      "speedup_vs_eager": 154.83925038196347,
      "pass": true,
      "error": null
    }
  ]
}